il,ilce
Adana,Aladağ
Adana,Ceyhan
Adana,Feke
Adana,Karaisalı
Adana,Karataş
Adana,Kozan
Adana,Pozantı
Adana,Saimbeyli
Adana,Sarıçam
Adana,Seyhan
Adana,Tufanbeyli
Adana,Yumurtalık
Adana,Yüreğir
Adana,Çukurova
Adana,İmamoğlu
Adıyaman,Adıyaman Merkez
Adıyaman,Besni
Adıyaman,Gerger
Adıyaman,Gölbaşı
Adıyaman,Kahta
Adıyaman,Samsat
Adıyaman,Sincik
Adıyaman,Tut
Adıyaman,Çelikhan
Afyonkarahisar,Afyonkarahisar Merkez
Afyonkarahisar,Bayat
Afyonkarahisar,Başmakçı
Afyonkarahisar,Bolvadin
Afyonkarahisar,Dazkırı
Afyonkarahisar,Dinar
Afyonkarahisar,Emirdağ
Afyonkarahisar,Evciler
Afyonkarahisar,Hocalar
Afyonkarahisar,Kızılören
Afyonkarahisar,Sandıklı
Afyonkarahisar,Sinanpaşa
Afyonkarahisar,Sultandağı
Afyonkarahisar,Çay
Afyonkarahisar,Çobanlar
Afyonkarahisar,İhsaniye
Afyonkarahisar,İscehisar
Afyonkarahisar,Şuhut
Aksaray,Aksaray Merkez
Aksaray,Ağaçören
Aksaray,Eskil
Aksaray,Gülağaç
Aksaray,Güzelyurt
Aksaray,Ortaköy
Aksaray,Sarıyahşi
Aksaray,Sultanhanı
Amasya,Amasya Merkez
Amasya,Göynücek
Amasya,Gümüşhacıköy
Amasya,Hamamözü
Amasya,Merzifon
Amasya,Suluova
Amasya,Taşova
Ankara,Akyurt
Ankara,Altındağ
Ankara,Ayaş
Ankara,Bala
Ankara,Beypazarı
Ankara,Elmadağ
Ankara,Etimesgut
Ankara,Evren
Ankara,Gölbaşı
Ankara,Güdül
Ankara,Haymana
Ankara,Kahramankazan
Ankara,Kalecik
Ankara,Keçiören
Ankara,Kızılcahamam
Ankara,Mamak
Ankara,Nallıhan
Ankara,Polatlı
Ankara,Pursaklar
Ankara,Sincan
Ankara,Yenimahalle
Ankara,Çamlıdere
Ankara,Çankaya
Ankara,Çubuk
Ankara,Şereflikoçhisar
Antalya,Akseki
Antalya,Aksu
Antalya,Alanya
Antalya,Demre
Antalya,Döşemealtı
Antalya,Elmalı
Antalya,Finike
Antalya,Gazipaşa
Antalya,Gündoğmuş
Antalya,Kaş
Antalya,Kemer
Antalya,Kepez
Antalya,Konyaaltı
Antalya,Korkuteli
Antalya,Kumluca
Antalya,Manavgat
Antalya,Muratpaşa
Antalya,Serik
Antalya,İbradı
Ardahan,Ardahan Merkez
Ardahan,Damal
Ardahan,Göle
Ardahan,Hanak
Ardahan,Posof
Ardahan,Çıldır
Artvin,Ardanuç
Artvin,Arhavi
Artvin,Artvin Merkez
Artvin,Borçka
Artvin,Hopa
Artvin,Kemalpaşa
Artvin,Murgul
Artvin,Yusufeli
Artvin,Şavşat
Aydın,Bozdoğan
Aydın,Buharkent
Aydın,Didim
Aydın,Efeler
Aydın,Germencik
Aydın,Karacasu
Aydın,Karpuzlu
Aydın,Koçarlı
Aydın,Kuyucak
Aydın,Kuşadası
Aydın,Köşk
Aydın,Nazilli
Aydın,Sultanhisar
Aydın,Söke
Aydın,Yenipazar
Aydın,Çine
Aydın,İncirliova
Ağrı,Ağrı Merkez
Ağrı,Diyadin
Ağrı,Doğubayazıt
Ağrı,Eleşkirt
Ağrı,Hamur
Ağrı,Patnos
Ağrı,Taşlıçay
Ağrı,Tutak
Balıkesir,Altıeylül
Balıkesir,Ayvalık
Balıkesir,Balya
Balıkesir,Bandırma
Balıkesir,Bigadiç
Balıkesir,Burhaniye
Balıkesir,Dursunbey
Balıkesir,Edremit
Balıkesir,Erdek
Balıkesir,Gömeç
Balıkesir,Gönen
Balıkesir,Havran
Balıkesir,Karesi
Balıkesir,Kepsut
Balıkesir,Manyas
Balıkesir,Marmara
Balıkesir,Savaştepe
Balıkesir,Susurluk
Balıkesir,Sındırgı
Balıkesir,İvrindi
Bartın,Amasra
Bartın,Bartın Merkez
Bartın,Kurucaşile
Bartın,Ulus
Batman,Batman Merkez
Batman,Beşiri
Batman,Gercüş
Batman,Hasankeyf
Batman,Kozluk
Batman,Sason
Bayburt,Aydıntepe
Bayburt,Bayburt Merkez
Bayburt,Demirözü
Bilecik,Bilecik Merkez
Bilecik,Bozüyük
Bilecik,Gölpazarı
Bilecik,Osmaneli
Bilecik,Pazaryeri
Bilecik,Söğüt
Bilecik,Yenipazar
Bilecik,İnhisar
Bingöl,Adaklı
Bingöl,Bingöl Merkez
Bingöl,Genç
Bingöl,Karlıova
Bingöl,Kiğı
Bingöl,Solhan
Bingöl,Yayladere
Bingöl,Yedisu
Bitlis,Adilcevaz
Bitlis,Ahlat
Bitlis,Bitlis Merkez
Bitlis,Güroymak
Bitlis,Hizan
Bitlis,Mutki
Bitlis,Tatvan
Bolu,Bolu Merkez
Bolu,Dörtdivan
Bolu,Gerede
Bolu,Göynük
Bolu,Kıbrıscık
Bolu,Mengen
Bolu,Mudurnu
Bolu,Seben
Bolu,Yeniçağa
Burdur,Altınyayla
Burdur,Ağlasun
Burdur,Bucak
Burdur,Burdur Merkez
Burdur,Gölhisar
Burdur,Karamanlı
Burdur,Kemer
Burdur,Tefenni
Burdur,Yeşilova
Burdur,Çavdır
Burdur,Çeltikçi
Bursa,Büyükorhan
Bursa,Gemlik
Bursa,Gürsu
Bursa,Harmancık
Bursa,Karacabey
Bursa,Keles
Bursa,Kestel
Bursa,Mudanya
Bursa,Mustafakemalpaşa
Bursa,Nilüfer
Bursa,Orhaneli
Bursa,Orhangazi
Bursa,Osmangazi
Bursa,Yenişehir
Bursa,Yıldırım
Bursa,İnegöl
Bursa,İznik
Denizli,Acıpayam
Denizli,Babadağ
Denizli,Baklan
Denizli,Bekilli
Denizli,Beyağaç
Denizli,Bozkurt
Denizli,Buldan
Denizli,Güney
Denizli,Honaz
Denizli,Kale
Denizli,Merkezefendi
Denizli,Pamukkale
Denizli,Sarayköy
Denizli,Serinhisar
Denizli,Tavas
Denizli,Çal
Denizli,Çameli
Denizli,Çardak
Denizli,Çivril
Diyarbakır,Bağlar
Diyarbakır,Bismil
Diyarbakır,Dicle
Diyarbakır,Ergani
Diyarbakır,Eğil
Diyarbakır,Hani
Diyarbakır,Hazro
Diyarbakır,Kayapınar
Diyarbakır,Kocaköy
Diyarbakır,Kulp
Diyarbakır,Lice
Diyarbakır,Silvan
Diyarbakır,Sur
Diyarbakır,Yenişehir
Diyarbakır,Çermik
Diyarbakır,Çüngüş
Diyarbakır,Çınar
Düzce,Akçakoca
Düzce,Cumayeri
Düzce,Düzce Merkez
Düzce,Gölyaka
Düzce,Gümüşova
Düzce,Kaynaşlı
Düzce,Yığılca
Düzce,Çilimli
Edirne,Edirne Merkez
Edirne,Enez
Edirne,Havsa
Edirne,Keşan
Edirne,Lalapaşa
Edirne,Meriç
Edirne,Süloğlu
Edirne,Uzunköprü
Edirne,İpsala
Elazığ,Alacakaya
Elazığ,Arıcak
Elazığ,Ağın
Elazığ,Baskil
Elazığ,Elazığ Merkez
Elazığ,Karakoçan
Elazığ,Keban
Elazığ,Kovancılar
Elazığ,Maden
Elazığ,Palu
Elazığ,Sivrice
Erzincan,Erzincan Merkez
Erzincan,Kemah
Erzincan,Kemaliye
Erzincan,Otlukbeli
Erzincan,Refahiye
Erzincan,Tercan
Erzincan,Çayırlı
Erzincan,Üzümlü
Erzincan,İliç
Erzurum,Aziziye
Erzurum,Aşkale
Erzurum,Horasan
Erzurum,Hınıs
Erzurum,Karayazı
Erzurum,Karaçoban
Erzurum,Köprüköy
Erzurum,Narman
Erzurum,Oltu
Erzurum,Olur
Erzurum,Palandöken
Erzurum,Pasinler
Erzurum,Pazaryolu
Erzurum,Tekman
Erzurum,Tortum
Erzurum,Uzundere
Erzurum,Yakutiye
Erzurum,Çat
Erzurum,İspir
Erzurum,Şenkaya
Eskişehir,Alpu
Eskişehir,Beylikova
Eskişehir,Günyüzü
Eskişehir,Han
Eskişehir,Mahmudiye
Eskişehir,Mihalgazi
Eskişehir,Mihalıççık
Eskişehir,Odunpazarı
Eskişehir,Sarıcakaya
Eskişehir,Seyitgazi
Eskişehir,Sivrihisar
Eskişehir,Tepebaşı
Eskişehir,Çifteler
Eskişehir,İnönü
Gaziantep,Araban
Gaziantep,Karkamış
Gaziantep,Nizip
Gaziantep,Nurdağı
Gaziantep,Oğuzeli
Gaziantep,Yavuzeli
Gaziantep,İslahiye
Gaziantep,Şahinbey
Gaziantep,Şehitkamil
Giresun,Alucra
Giresun,Bulancak
Giresun,Dereli
Giresun,Doğankent
Giresun,Espiye
Giresun,Eynesil
Giresun,Giresun Merkez
Giresun,Görele
Giresun,Güce
Giresun,Keşap
Giresun,Piraziz
Giresun,Tirebolu
Giresun,Yağlıdere
Giresun,Çamoluk
Giresun,Çanakçı
Giresun,Şebinkarahisar
Gümüşhane,Gümüşhane Merkez
Gümüşhane,Kelkit
Gümüşhane,Köse
Gümüşhane,Kürtün
Gümüşhane,Torul
Gümüşhane,Şiran
Hakkâri,Derecik
Hakkâri,Hakkâri Merkez
Hakkâri,Yüksekova
Hakkâri,Çukurca
Hakkâri,Şemdinli
Hatay,Altınözü
Hatay,Antakya
Hatay,Arsuz
Hatay,Belen
Hatay,Defne
Hatay,Dörtyol
Hatay,Erzin
Hatay,Hassa
Hatay,Kumlu
Hatay,Kırıkhan
Hatay,Payas
Hatay,Reyhanlı
Hatay,Samandağ
Hatay,Yayladağı
Hatay,İskenderun
Isparta,Aksu
Isparta,Atabey
Isparta,Eğirdir
Isparta,Gelendost
Isparta,Gönen
Isparta,Isparta Merkez
Isparta,Keçiborlu
Isparta,Senirkent
Isparta,Sütçüler
Isparta,Uluborlu
Isparta,Yalvaç
Isparta,Yenişarbademli
Isparta,Şarkikaraağaç
Iğdır,Aralık
Iğdır,Iğdır Merkez
Iğdır,Karakoyunlu
Iğdır,Tuzluca
Kahramanmaraş,Afşin
Kahramanmaraş,Andırın
Kahramanmaraş,Dulkadiroğlu
Kahramanmaraş,Ekinözü
Kahramanmaraş,Elbistan
Kahramanmaraş,Göksun
Kahramanmaraş,Nurhak
Kahramanmaraş,Onikişubat
Kahramanmaraş,Pazarcık
Kahramanmaraş,Türkoğlu
Kahramanmaraş,Çağlayancerit
Karabük,Eflani
Karabük,Eskipazar
Karabük,Karabük Merkez
Karabük,Ovacık
Karabük,Safranbolu
Karabük,Yenice
Karaman,Ayrancı
Karaman,Başyayla
Karaman,Ermenek
Karaman,Karaman Merkez
Karaman,Kazımkarabekir
Karaman,Sarıveliler
Kars,Akyaka
Kars,Arpaçay
Kars,Digor
Kars,Kars Merkez
Kars,Kağızman
Kars,Sarıkamış
Kars,Selim
Kars,Susuz
Kastamonu,Abana
Kastamonu,Araç
Kastamonu,Azdavay
Kastamonu,Ağlı
Kastamonu,Bozkurt
Kastamonu,Cide
Kastamonu,Daday
Kastamonu,Devrekani
Kastamonu,Doğanyurt
Kastamonu,Hanönü
Kastamonu,Kastamonu Merkez
Kastamonu,Küre
Kastamonu,Pınarbaşı
Kastamonu,Seydiler
Kastamonu,Taşköprü
Kastamonu,Tosya
Kastamonu,Çatalzeytin
Kastamonu,İhsangazi
Kastamonu,İnebolu
Kastamonu,Şenpazar
Kayseri,Akkışla
Kayseri,Bünyan
Kayseri,Develi
Kayseri,Felahiye
Kayseri,Hacılar
Kayseri,Kocasinan
Kayseri,Melikgazi
Kayseri,Pınarbaşı
Kayseri,Sarıoğlan
Kayseri,Sarız
Kayseri,Talas
Kayseri,Tomarza
Kayseri,Yahyalı
Kayseri,Yeşilhisar
Kayseri,Özvatan
Kayseri,İncesu
Kilis,Elbeyli
Kilis,Kilis Merkez
Kilis,Musabeyli
Kilis,Polateli
Kocaeli,Başiskele
Kocaeli,Darıca
Kocaeli,Derince
Kocaeli,Dilovası
Kocaeli,Gebze
Kocaeli,Gölcük
Kocaeli,Kandıra
Kocaeli,Karamürsel
Kocaeli,Kartepe
Kocaeli,Körfez
Kocaeli,Çayırova
Kocaeli,İzmit
Konya,Ahırlı
Konya,Akören
Konya,Akşehir
Konya,Altınekin
Konya,Beyşehir
Konya,Bozkır
Konya,Cihanbeyli
Konya,Derbent
Konya,Derebucak
Konya,Doğanhisar
Konya,Emirgazi
Konya,Ereğli
Konya,Güneysınır
Konya,Hadim
Konya,Halkapınar
Konya,Hüyük
Konya,Ilgın
Konya,Kadınhanı
Konya,Karapınar
Konya,Karatay
Konya,Kulu
Konya,Meram
Konya,Sarayönü
Konya,Selçuklu
Konya,Seydişehir
Konya,Taşkent
Konya,Tuzlukçu
Konya,Yalıhüyük
Konya,Yunak
Konya,Çeltik
Konya,Çumra
Kütahya,Altıntaş
Kütahya,Aslanapa
Kütahya,Domaniç
Kütahya,Dumlupınar
Kütahya,Emet
Kütahya,Gediz
Kütahya,Hisarcık
Kütahya,Kütahya Merkez
Kütahya,Pazarlar
Kütahya,Simav
Kütahya,Tavşanlı
Kütahya,Çavdarhisar
Kütahya,Şaphane
Kırklareli,Babaeski
Kırklareli,Demirköy
Kırklareli,Kofçaz
Kırklareli,Kırklareli Merkez
Kırklareli,Lüleburgaz
Kırklareli,Pehlivanköy
Kırklareli,Pınarhisar
Kırklareli,Vize
Kırıkkale,Bahşili
Kırıkkale,Balışeyh
Kırıkkale,Delice
Kırıkkale,Karakeçili
Kırıkkale,Keskin
Kırıkkale,Kırıkkale Merkez
Kırıkkale,Sulakyurt
Kırıkkale,Yahşihan
Kırıkkale,Çelebi
Kırşehir,Akpınar
Kırşehir,Akçakent
Kırşehir,Boztepe
Kırşehir,Kaman
Kırşehir,Kırşehir Merkez
Kırşehir,Mucur
Kırşehir,Çiçekdağı
Malatya,Akçadağ
Malatya,Arapgir
Malatya,Arguvan
Malatya,Battalgazi
Malatya,Darende
Malatya,Doğanyol
Malatya,Doğanşehir
Malatya,Hekimhan
Malatya,Kale
Malatya,Kuluncak
Malatya,Pütürge
Malatya,Yazıhan
Malatya,Yeşilyurt
Manisa,Ahmetli
Manisa,Akhisar
Manisa,Alaşehir
Manisa,Demirci
Manisa,Gölmarmara
Manisa,Gördes
Manisa,Kula
Manisa,Köprübaşı
Manisa,Kırkağaç
Manisa,Salihli
Manisa,Saruhanlı
Manisa,Sarıgöl
Manisa,Selendi
Manisa,Soma
Manisa,Turgutlu
Manisa,Yunusemre
Manisa,Şehzadeler
Mardin,Artuklu
Mardin,Dargeçit
Mardin,Derik
Mardin,Kızıltepe
Mardin,Mazıdağı
Mardin,Midyat
Mardin,Nusaybin
Mardin,Savur
Mardin,Yeşilli
Mardin,Ömerli
Mersin,Akdeniz
Mersin,Anamur
Mersin,Aydıncık
Mersin,Bozyazı
Mersin,Erdemli
Mersin,Gülnar
Mersin,Mezitli
Mersin,Mut
Mersin,Silifke
Mersin,Tarsus
Mersin,Toroslar
Mersin,Yenişehir
Mersin,Çamlıyayla
Muğla,Bodrum
Muğla,Dalaman
Muğla,Datça
Muğla,Fethiye
Muğla,Kavaklıdere
Muğla,Köyceğiz
Muğla,Marmaris
Muğla,Menteşe
Muğla,Milas
Muğla,Ortaca
Muğla,Seydikemer
Muğla,Ula
Muğla,Yatağan
Muş,Bulanık
Muş,Hasköy
Muş,Korkut
Muş,Malazgirt
Muş,Muş Merkez
Muş,Varto
Nevşehir,Acıgöl
Nevşehir,Avanos
Nevşehir,Derinkuyu
Nevşehir,Gülşehir
Nevşehir,Hacıbektaş
Nevşehir,Kozaklı
Nevşehir,Nevşehir Merkez
Nevşehir,Ürgüp
Niğde,Altunhisar
Niğde,Bor
Niğde,Niğde Merkez
Niğde,Ulukışla
Niğde,Çamardı
Niğde,Çiftlik
Ordu,Akkuş
Ordu,Altınordu
Ordu,Aybastı
Ordu,Fatsa
Ordu,Gölköy
Ordu,Gülyalı
Ordu,Gürgentepe
Ordu,Kabadüz
Ordu,Kabataş
Ordu,Korgan
Ordu,Kumru
Ordu,Mesudiye
Ordu,Perşembe
Ordu,Ulubey
Ordu,Çamaş
Ordu,Çatalpınar
Ordu,Çaybaşı
Ordu,Ünye
Ordu,İkizce
Osmaniye,Bahçe
Osmaniye,Düziçi
Osmaniye,Hasanbeyli
Osmaniye,Kadirli
Osmaniye,Osmaniye Merkez
Osmaniye,Sumbas
Osmaniye,Toprakkale
Rize,Ardeşen
Rize,Derepazarı
Rize,Fındıklı
Rize,Güneysu
Rize,Hemşin
Rize,Kalkandere
Rize,Pazar
Rize,Rize Merkez
Rize,Çamlıhemşin
Rize,Çayeli
Rize,İkizdere
Rize,İyidere
Sakarya,Adapazarı
Sakarya,Akyazı
Sakarya,Arifiye
Sakarya,Erenler
Sakarya,Ferizli
Sakarya,Geyve
Sakarya,Hendek
Sakarya,Karapürçek
Sakarya,Karasu
Sakarya,Kaynarca
Sakarya,Kocaali
Sakarya,Pamukova
Sakarya,Sapanca
Sakarya,Serdivan
Sakarya,Söğütlü
Sakarya,Taraklı
Samsun,Alaçam
Samsun,Asarcık
Samsun,Atakum
Samsun,Ayvacık
Samsun,Bafra
Samsun,Canik
Samsun,Havza
Samsun,Kavak
Samsun,Ladik
Samsun,Ondokuzmayıs
Samsun,Salıpazarı
Samsun,Tekkeköy
Samsun,Terme
Samsun,Vezirköprü
Samsun,Yakakent
Samsun,Çarşamba
Samsun,İlkadım
Siirt,Baykan
Siirt,Eruh
Siirt,Kurtalan
Siirt,Pervari
Siirt,Siirt Merkez
Siirt,Tillo
Siirt,Şirvan
Sinop,Ayancık
Sinop,Boyabat
Sinop,Dikmen
Sinop,Durağan
Sinop,Erfelek
Sinop,Gerze
Sinop,Saraydüzü
Sinop,Sinop Merkez
Sinop,Türkeli
Sivas,Akıncılar
Sivas,Altınyayla
Sivas,Divriği
Sivas,Doğanşar
Sivas,Gemerek
Sivas,Gölova
Sivas,Gürün
Sivas,Hafik
Sivas,Kangal
Sivas,Koyulhisar
Sivas,Sivas Merkez
Sivas,Suşehri
Sivas,Ulaş
Sivas,Yıldızeli
Sivas,Zara
Sivas,İmranlı
Sivas,Şarkışla
Tekirdağ,Ergene
Tekirdağ,Hayrabolu
Tekirdağ,Kapaklı
Tekirdağ,Malkara
Tekirdağ,Marmaraereğlisi
Tekirdağ,Muratlı
Tekirdağ,Saray
Tekirdağ,Süleymanpaşa
Tekirdağ,Çerkezköy
Tekirdağ,Çorlu
Tekirdağ,Şarköy
Tokat,Almus
Tokat,Artova
Tokat,Başçiftlik
Tokat,Erbaa
Tokat,Niksar
Tokat,Pazar
Tokat,Reşadiye
Tokat,Sulusaray
Tokat,Tokat Merkez
Tokat,Turhal
Tokat,Yeşilyurt
Tokat,Zile
Trabzon,Akçaabat
Trabzon,Araklı
Trabzon,Arsin
Trabzon,Beşikdüzü
Trabzon,Dernekpazarı
Trabzon,Düzköy
Trabzon,Hayrat
Trabzon,Köprübaşı
Trabzon,Maçka
Trabzon,Of
Trabzon,Ortahisar
Trabzon,Sürmene
Trabzon,Tonya
Trabzon,Vakfıkebir
Trabzon,Yomra
Trabzon,Çarşıbaşı
Trabzon,Çaykara
Trabzon,Şalpazarı
Tunceli,Hozat
Tunceli,Mazgirt
Tunceli,Nazımiye
Tunceli,Ovacık
Tunceli,Pertek
Tunceli,Pülümür
Tunceli,Tunceli Merkez
Tunceli,Çemişgezek
Uşak,Banaz
Uşak,Eşme
Uşak,Karahallı
Uşak,Sivaslı
Uşak,Ulubey
Uşak,Uşak Merkez
Van,Bahçesaray
Van,Başkale
Van,Edremit
Van,Erciş
Van,Gevaş
Van,Gürpınar
Van,Muradiye
Van,Saray
Van,Tuşba
Van,Çaldıran
Van,Çatak
Van,Özalp
Van,İpekyolu
Yalova,Altınova
Yalova,Armutlu
Yalova,Termal
Yalova,Yalova Merkez
Yalova,Çiftlikköy
Yalova,Çınarcık
Yozgat,Akdağmadeni
Yozgat,Aydıncık
Yozgat,Boğazlıyan
Yozgat,Kadışehri
Yozgat,Saraykent
Yozgat,Sarıkaya
Yozgat,Sorgun
Yozgat,Yenifakılı
Yozgat,Yerköy
Yozgat,Yozgat Merkez
Yozgat,Çandır
Yozgat,Çayıralan
Yozgat,Çekerek
Yozgat,Şefaatli
Zonguldak,Alaplı
Zonguldak,Devrek
Zonguldak,Ereğli
Zonguldak,Gökçebey
Zonguldak,Kilimli
Zonguldak,Kozlu
Zonguldak,Zonguldak Merkez
Zonguldak,Çaycuma
Çanakkale,Ayvacık
Çanakkale,Bayramiç
Çanakkale,Biga
Çanakkale,Bozcaada
Çanakkale,Eceabat
Çanakkale,Ezine
Çanakkale,Gelibolu
Çanakkale,Gökçeada
Çanakkale,Lapseki
Çanakkale,Yenice
Çanakkale,Çan
Çanakkale,Çanakkale Merkez
Çankırı,Atkaracalar
Çankırı,Bayramören
Çankırı,Eldivan
Çankırı,Ilgaz
Çankırı,Korgun
Çankırı,Kurşunlu
Çankırı,Kızılırmak
Çankırı,Orta
Çankırı,Yapraklı
Çankırı,Çankırı Merkez
Çankırı,Çerkeş
Çankırı,Şabanözü
Çorum,Alaca
Çorum,Bayat
Çorum,Boğazkale
Çorum,Dodurga
Çorum,Kargı
Çorum,Laçin
Çorum,Mecitözü
Çorum,Ortaköy
Çorum,Osmancık
Çorum,Oğuzlar
Çorum,Sungurlu
Çorum,Uğurludağ
Çorum,Çorum Merkez
Çorum,İskilip
İstanbul,Adalar
İstanbul,Arnavutköy
İstanbul,Ataşehir
İstanbul,Avcılar
İstanbul,Bahçelievler
İstanbul,Bakırköy
İstanbul,Bayrampaşa
İstanbul,Bağcılar
İstanbul,Başakşehir
İstanbul,Beykoz
İstanbul,Beylikdüzü
İstanbul,Beyoğlu
İstanbul,Beşiktaş
İstanbul,Büyükçekmece
İstanbul,Esenler
İstanbul,Esenyurt
İstanbul,Eyüpsultan
İstanbul,Fatih
İstanbul,Gaziosmanpaşa
İstanbul,Güngören
İstanbul,Kadıköy
İstanbul,Kartal
İstanbul,Kâğıthane
İstanbul,Küçükçekmece
İstanbul,Maltepe
İstanbul,Pendik
İstanbul,Sancaktepe
İstanbul,Sarıyer
İstanbul,Silivri
İstanbul,Sultanbeyli
İstanbul,Sultangazi
İstanbul,Tuzla
İstanbul,Zeytinburnu
İstanbul,Çatalca
İstanbul,Çekmeköy
İstanbul,Ümraniye
İstanbul,Üsküdar
İstanbul,Şile
İstanbul,Şişli
İzmir,Aliağa
İzmir,Balçova
İzmir,Bayraklı
İzmir,Bayındır
İzmir,Bergama
İzmir,Beydağ
İzmir,Bornova
İzmir,Buca
İzmir,Dikili
İzmir,Foça
İzmir,Gaziemir
İzmir,Güzelbahçe
İzmir,Karabağlar
İzmir,Karaburun
İzmir,Karşıyaka
İzmir,Kemalpaşa
İzmir,Kiraz
İzmir,Konak
İzmir,Kınık
İzmir,Menderes
İzmir,Menemen
İzmir,Narlıdere
İzmir,Seferihisar
İzmir,Selçuk
İzmir,Tire
İzmir,Torbalı
İzmir,Urla
İzmir,Çeşme
İzmir,Çiğli
İzmir,Ödemiş
Şanlıurfa,Akçakale
Şanlıurfa,Birecik
Şanlıurfa,Bozova
Şanlıurfa,Ceylanpınar
Şanlıurfa,Eyyübiye
Şanlıurfa,Halfeti
Şanlıurfa,Haliliye
Şanlıurfa,Harran
Şanlıurfa,Hilvan
Şanlıurfa,Karaköprü
Şanlıurfa,Siverek
Şanlıurfa,Suruç
Şanlıurfa,Viranşehir
Şırnak,Beytüşşebap
Şırnak,Cizre
Şırnak,Güçlükonak
Şırnak,Silopi
Şırnak,Uludere
Şırnak,İdil
Şırnak,Şırnak Merkez
